{
  "loss": [
    0.45251014241150445,
    0.13568705503429684,
    0.08252786930118289,
    0.07539652874427183,
    0.05876348384789058,
    0.05642587565949985,
    0.05376611829070108,
    0.051457704662212306,
    0.043853853387492044,
    0.0320498831144401,
    0.0805036383760827,
    0.029811924864937153,
    0.02103700342987265,
    0.01733332060277462,
    0.015132400132715702,
    0.008761826228084309,
    0.008434919873252511,
    0.012837332966072219,
    0.01100947545575244,
    0.004109764046900506,
    0.011677394772746734,
    0.0062619502350155795,
    0.00798300478341324,
    0.012925069221029324,
    0.007663636522899781,
    0.002779579318012111,
    0.005468265305888573,
    0.002443803369366963,
    0.005253766745861087,
    0.002322052451116698
  ],
  "accuracy": [
    0.8399999737739563,
    0.949999988079071,
    0.9728571176528931,
    0.9785714149475098,
    0.9842857122421265,
    0.9842857122421265,
    0.9814285635948181,
    0.9871428608894348,
    0.9785714149475098,
    0.9928571581840515,
    0.9685714244842529,
    0.9942857027053833,
    0.9942857027053833,
    0.9957143068313599,
    0.9928571581840515,
    0.9985714554786682,
    0.9985714554786682,
    0.9971428513526917,
    0.9985714554786682,
    1.0,
    0.9971428513526917,
    1.0,
    0.9985714554786682,
    0.991428554058075,
    0.9971428513526917,
    1.0,
    0.9985714554786682,
    1.0,
    0.9985714554786682,
    1.0
  ],
  "precision": [
    0.8395559787750244,
    0.9499927282333374,
    0.9728215336799622,
    0.9786774635314941,
    0.9843465089797974,
    0.9843022227287292,
    0.9814974546432496,
    0.9871322870254516,
    0.9789199352264404,
    0.9929377675056458,
    0.9687819242477417,
    0.9943462133407592,
    0.9942854404449463,
    0.9957446813583374,
    0.9931034445762634,
    0.9985815644264221,
    0.9985815644264221,
    0.997183096408844,
    0.9985815644264221,
    1.0,
    0.9971631288528442,
    1.0,
    0.9985815644264221,
    0.9914488315582275,
    0.997183096408844,
    1.0,
    0.9985815644264221,
    1.0,
    0.9985815644264221,
    1.0
  ],
  "recall": [
    0.8399999976158142,
    0.95,
    0.972857141494751,
    0.9785714149475098,
    0.9842857122421265,
    0.9842857122421265,
    0.9814285635948181,
    0.9871428608894348,
    0.9785714149475098,
    0.9928571462631226,
    0.968571412563324,
    0.9942857146263122,
    0.9942857027053833,
    0.9957142829895019,
    0.9928571343421936,
    0.9985714316368103,
    0.9985714316368103,
    0.9971428632736206,
    0.9985714316368103,
    1.0,
    0.9971428632736206,
    1.0,
    0.9985714316368103,
    0.9914285778999329,
    0.9971428513526917,
    1.0,
    0.9985714316368103,
    1.0,
    0.9985714316368103,
    1.0
  ],
  "val_loss": [
    0.18706032315889995,
    0.10865700110793114,
    0.12760418832302092,
    0.113794813255469,
    0.11189401485025882,
    0.10328138704101245,
    0.11063114633162817,
    0.11155011057853699,
    0.12670284827550252,
    0.1277341328561306,
    0.10011912579337756,
    0.0982631000628074,
    0.0823853366697828,
    0.06640250110688309,
    0.07461346607655286,
    0.07062086001038552,
    0.11932729129679501,
    0.07382605922718843,
    0.03976621098816395,
    0.03966670074189703,
    0.05454083035467192,
    0.04629693118234476,
    0.0962993203724424,
    0.08402317878479759,
    0.0970460660678024,
    0.06117913510029515,
    0.07351097046940898,
    0.07735375310915212,
    0.09082816524275888,
    0.08001991485478356
  ],
  "val_accuracy": [
    0.9266666769981384,
    0.9599999785423279,
    0.9466666579246521,
    0.9599999785423279,
    0.9599999785423279,
    0.9666666388511658,
    0.95333331823349,
    0.95333331823349,
    0.9466666579246521,
    0.95333331823349,
    0.95333331823349,
    0.9666666388511658,
    0.9599999785423279,
    0.9866666793823242,
    0.9666666388511658,
    0.9666666388511658,
    0.95333331823349,
    0.9666666388511658,
    0.9866666793823242,
    0.9933333396911621,
    0.9800000190734863,
    0.9866666793823242,
    0.9466666579246521,
    0.9599999785423279,
    0.9599999785423279,
    0.9733333587646484,
    0.9666666388511658,
    0.9666666388511658,
    0.9733333587646484,
    0.9800000190734863
  ],
  "val_precision": [
    0.9287634253501892,
    0.9599851608276367,
    0.946651816368103,
    0.9617181658744812,
    0.9626392841339111,
    0.9674404740333558,
    0.9543103456497193,
    0.9535038828849792,
    0.9485052824020386,
    0.9545402288436889,
    0.9535038948059082,
    0.9690909028053284,
    0.9614718556404114,
    0.9866666555404663,
    0.9688610196113586,
    0.9679018259048462,
    0.9549986004829407,
    0.9673118233680725,
    0.9868817090988159,
    0.9935483813285828,
    0.9806451559066772,
    0.9868817090988159,
    0.9492750883102417,
    0.9647619009017945,
    0.9632575750350952,
    0.9747983813285828,
    0.969305956363678,
    0.969305956363678,
    0.9747983813285828,
    0.9806451559066772
  ],
  "val_recall": [
    0.9266666650772095,
    0.9600000023841858,
    0.9466666579246521,
    0.9599999904632568,
    0.9599999904632568,
    0.9666666507720947,
    0.9533333301544189,
    0.9533333301544189,
    0.9466666460037232,
    0.95333331823349,
    0.9533333301544189,
    0.9666666507720947,
    0.9599999904632568,
    0.9866666555404663,
    0.9666666626930237,
    0.9666666626930237,
    0.9533333301544189,
    0.9666666626930237,
    0.9866666555404663,
    0.9933333277702332,
    0.9799999952316284,
    0.9866666555404663,
    0.9466666579246521,
    0.9599999785423279,
    0.9599999904632568,
    0.9733333230018616,
    0.9666666507720947,
    0.9666666507720947,
    0.9733333230018616,
    0.9799999833106995
  ]
}