{
  "model_name": "gradient_boosting",
  "accuracy": 0.8466666666666667,
  "precision_macro": 0.8476907001044932,
  "recall_macro": 0.8466666666666667,
  "f1_macro": 0.8466612859833198,
  "precision_weighted": 0.8476907001044932,
  "recall_weighted": 0.8466666666666667,
  "f1_weighted": 0.8466612859833198,
  "per_class_metrics": {
    "Potato___Early_blight": {
      "precision": 0.8620689655172413,
      "recall": 0.8333333333333334,
      "f1-score": 0.847457627118644,
      "support": 30.0
    },
    "Tomato_Early_blight": {
      "precision": 0.7931034482758621,
      "recall": 0.7666666666666667,
      "f1-score": 0.7796610169491526,
      "support": 30.0
    },
    "Tomato__Target_Spot": {
      "precision": 0.7878787878787878,
      "recall": 0.8666666666666667,
      "f1-score": 0.8253968253968254,
      "support": 30.0
    },
    "Tomato__Tomato_YellowLeaf__Curl_Virus": {
      "precision": 0.8620689655172413,
      "recall": 0.8333333333333334,
      "f1-score": 0.847457627118644,
      "support": 30.0
    },
    "Tomato_healthy": {
      "precision": 0.9333333333333333,
      "recall": 0.9333333333333333,
      "f1-score": 0.9333333333333333,
      "support": 30.0
    },
    "accuracy": 0.8466666666666667,
    "macro avg": {
      "precision": 0.8476907001044932,
      "recall": 0.8466666666666667,
      "f1-score": 0.8466612859833198,
      "support": 150.0
    },
    "weighted avg": {
      "precision": 0.8476907001044932,
      "recall": 0.8466666666666667,
      "f1-score": 0.8466612859833198,
      "support": 150.0
    }
  },
  "confusion_matrix": [
    [
      25,
      0,
      4,
      0,
      1
    ],
    [
      3,
      23,
      0,
      4,
      0
    ],
    [
      1,
      3,
      26,
      0,
      0
    ],
    [
      0,
      3,
      1,
      25,
      1
    ],
    [
      0,
      0,
      2,
      0,
      28
    ]
  ],
  "roc_auc": {
    "Potato___Early_blight": 0.9625,
    "Tomato_Early_blight": 0.9488888888888889,
    "Tomato__Target_Spot": 0.9716666666666667,
    "Tomato__Tomato_YellowLeaf__Curl_Virus": 0.9750000000000001,
    "Tomato_healthy": 0.9966666666666666,
    "macro": 0.9709444444444444,
    "micro": 0.9739444444444444
  }
}