{
  "model_name": "random_forest",
  "accuracy": 0.8466666666666667,
  "precision_macro": 0.8489640147246638,
  "recall_macro": 0.8466666666666667,
  "f1_macro": 0.8466506839131727,
  "precision_weighted": 0.8489640147246638,
  "recall_weighted": 0.8466666666666667,
  "f1_weighted": 0.8466506839131728,
  "per_class_metrics": {
    "Potato___Early_blight": {
      "precision": 0.9,
      "recall": 0.9,
      "f1-score": 0.9,
      "support": 30.0
    },
    "Tomato_Early_blight": {
      "precision": 0.7333333333333333,
      "recall": 0.7333333333333333,
      "f1-score": 0.7333333333333333,
      "support": 30.0
    },
    "Tomato__Target_Spot": {
      "precision": 0.7941176470588235,
      "recall": 0.9,
      "f1-score": 0.84375,
      "support": 30.0
    },
    "Tomato__Tomato_YellowLeaf__Curl_Virus": {
      "precision": 0.8518518518518519,
      "recall": 0.7666666666666667,
      "f1-score": 0.8070175438596491,
      "support": 30.0
    },
    "Tomato_healthy": {
      "precision": 0.9655172413793104,
      "recall": 0.9333333333333333,
      "f1-score": 0.9491525423728814,
      "support": 30.0
    },
    "accuracy": 0.8466666666666667,
    "macro avg": {
      "precision": 0.8489640147246638,
      "recall": 0.8466666666666667,
      "f1-score": 0.8466506839131727,
      "support": 150.0
    },
    "weighted avg": {
      "precision": 0.8489640147246638,
      "recall": 0.8466666666666667,
      "f1-score": 0.8466506839131728,
      "support": 150.0
    }
  },
  "confusion_matrix": [
    [
      27,
      0,
      2,
      0,
      1
    ],
    [
      3,
      22,
      1,
      4,
      0
    ],
    [
      0,
      3,
      27,
      0,
      0
    ],
    [
      0,
      5,
      2,
      23,
      0
    ],
    [
      0,
      0,
      2,
      0,
      28
    ]
  ],
  "roc_auc": {
    "Potato___Early_blight": 0.9888888888888889,
    "Tomato_Early_blight": 0.9619444444444444,
    "Tomato__Target_Spot": 0.9777777777777777,
    "Tomato__Tomato_YellowLeaf__Curl_Virus": 0.9830555555555557,
    "Tomato_healthy": 0.9988888888888888,
    "macro": 0.9821111111111112,
    "micro": 0.9843333333333333
  }
}