{
  "model_name": "svm",
  "accuracy": 0.9333333333333333,
  "precision_macro": 0.9376354679802956,
  "recall_macro": 0.9333333333333333,
  "f1_macro": 0.9340430697298027,
  "precision_weighted": 0.9376354679802955,
  "recall_weighted": 0.9333333333333333,
  "f1_weighted": 0.9340430697298026,
  "per_class_metrics": {
    "Potato___Early_blight": {
      "precision": 0.9655172413793104,
      "recall": 0.9333333333333333,
      "f1-score": 0.9491525423728814,
      "support": 30.0
    },
    "Tomato_Early_blight": {
      "precision": 0.8285714285714286,
      "recall": 0.9666666666666667,
      "f1-score": 0.8923076923076924,
      "support": 30.0
    },
    "Tomato__Target_Spot": {
      "precision": 0.9285714285714286,
      "recall": 0.8666666666666667,
      "f1-score": 0.896551724137931,
      "support": 30.0
    },
    "Tomato__Tomato_YellowLeaf__Curl_Virus": {
      "precision": 0.9655172413793104,
      "recall": 0.9333333333333333,
      "f1-score": 0.9491525423728814,
      "support": 30.0
    },
    "Tomato_healthy": {
      "precision": 1.0,
      "recall": 0.9666666666666667,
      "f1-score": 0.9830508474576272,
      "support": 30.0
    },
    "accuracy": 0.9333333333333333,
    "macro avg": {
      "precision": 0.9376354679802956,
      "recall": 0.9333333333333333,
      "f1-score": 0.9340430697298027,
      "support": 150.0
    },
    "weighted avg": {
      "precision": 0.9376354679802955,
      "recall": 0.9333333333333333,
      "f1-score": 0.9340430697298026,
      "support": 150.0
    }
  },
  "confusion_matrix": [
    [
      28,
      1,
      1,
      0,
      0
    ],
    [
      0,
      29,
      0,
      1,
      0
    ],
    [
      0,
      4,
      26,
      0,
      0
    ],
    [
      1,
      1,
      0,
      28,
      0
    ],
    [
      0,
      0,
      1,
      0,
      29
    ]
  ],
  "roc_auc": {
    "Potato___Early_blight": 0.9988888888888888,
    "Tomato_Early_blight": 0.9961111111111112,
    "Tomato__Target_Spot": 0.9961111111111112,
    "Tomato__Tomato_YellowLeaf__Curl_Virus": 0.9983333333333334,
    "Tomato_healthy": 1.0,
    "macro": 0.9978888888888889,
    "micro": 0.9972555555555556
  }
}