{
  "random_forest": {
    "model_name": "random_forest",
    "cv_scores": [
      0.9071428571428571,
      0.85,
      0.8928571428571429,
      0.9,
      0.8714285714285714
    ],
    "cv_mean": 0.8842857142857141,
    "cv_std": 0.02089819834046829,
    "train_accuracy": 1.0,
    "val_accuracy": 0.88
  },
  "svm": {
    "model_name": "svm",
    "cv_scores": [
      0.9214285714285714,
      0.9571428571428572,
      0.9428571428571428,
      0.9357142857142857,
      0.95
    ],
    "cv_mean": 0.9414285714285715,
    "cv_std": 0.012289036095775202,
    "train_accuracy": 1.0,
    "val_accuracy": 0.94
  },
  "gradient_boosting": {
    "model_name": "gradient_boosting",
    "cv_scores": [
      0.9142857142857143,
      0.8642857142857143,
      0.8857142857142857,
      0.8857142857142857,
      0.8857142857142857
    ],
    "cv_mean": 0.887142857142857,
    "cv_std": 0.01590789817951433,
    "train_accuracy": 1.0,
    "val_accuracy": 0.8866666666666667
  }
}